,ID,Age,Cout,Cholesterol
count,10.0,10.0,10.0,10.0
mean,5.5,40.7,1166.0,212.0
std,3.0276503540974917,11.035800328426069,976.8111383476337,33.928028399998595
min,1.0,26.0,120.0,170.0
25%,3.25,32.75,375.0,190.0
50%,5.5,39.0,895.0,205.0
75%,7.75,47.25,1712.5,227.5
max,10.0,60.0,3100.0,280.0
